,ProductDepartment,ProductReturnRate
0,Youth,0.26533186189500235
1,Mens,0.3721610398988987
4,Womens,0.3857068568457024
56,Accessories,0.12727732793522267
